title,location,department,operation
"Cleaning Technician - Mobile","Welwyn Garden City, South East, GB, AL7 1TS","Estate Services (Caretaking, Cleaning)","Sanctuary Maintenance"
"Care Assistant","Exmouth, South West, GB, EX8 2HA","Care (Qualified and Non-Qualified Care Staff)","Sanctuary Care"
"Bank Care and Support Assistant","Devizes, South West, GB, SN10 2DY","Care (Qualified and Non-Qualified Care Staff)","Sanctuary Supported Living"
"Care Assistant","Plymouth, South West, GB, PL9 8QX","Care (Qualified and Non-Qualified Care Staff)","Sanctuary Care"
"Night Care Assistant","Redditch, West Midlands, GB, B97 4LX","Care (Qualified and Non-Qualified Care Staff)","Sanctuary Care"
"Care and Support Team Leader - Part Time","Rye, South East, GB, TN31 7SQ","Care (Qualified and Non-Qualified Care Staff)","Sanctuary Retirement Living"
"Project Worker - Homelessness","Kings Lynn, East Anglia, GB, PE30 5EU","Supported Living Services","Sanctuary Supported Living"
Administrator,"Plymouth, South West, GB, PL21 0UJ","Care (Administrative Staff)","Sanctuary Care"
"Bank Care Assistant","Dumfries, Scotland, GB, DG1 2LF","Care (Qualified and Non-Qualified Care Staff)","Sanctuary Care"
"Bank Housekeeping Assistant","Dumfries, Scotland, GB, DG1 2LF","Care (Domestic and Housekeeping Staff)","Sanctuary Care"
"Registered Nurse Nights","Dumfries, Scotland, GB, DG1 2LF","Care (Nursing Staff)","Sanctuary Care"
"General Assistant","Scarborough, Yorkshire and Humberside, GB, YO11 3EY","Care (Catering and Hospitality Staff)","Sanctuary Retirement Living"
"Activities Coordinator","Seaham, North East, GB, SR7 8BT","Care (Qualified and Non-Qualified Care Staff)","Sanctuary Care"
"Housekeeping Supervisor","Oxford, South East, GB, OX4 4DN","Care (Domestic and Housekeeping Staff)","Sanctuary Care"
"Registered Nurse","Oxford, South East, GB, OX4 4DN","Care (Nursing Staff)","Sanctuary Care"
"Housekeeping Assistant","Nuneaton, West Midlands, GB, CV10 7DJ","Care (Domestic and Housekeeping Staff)","Sanctuary Care"
"Night Care Team Leader","Congleton, North West, GB, CW12 3SA","Care (Qualified and Non-Qualified Care Staff)","Sanctuary Care"
"Bank Care Assistant","Glasgow, Scotland, GB, G74 3JY","Care (Qualified and Non-Qualified Care Staff)","Sanctuary Care"
"Catering Assistant","Sawston, East Anglia, GB, CB22 3HJ","Care (Qualified and Non-Qualified Care Staff)","Sanctuary Care"
"Night Concierge","Diss, East Anglia, GB, IP22 4LF","Administrative Services","Sanctuary Supported Living"
"Registered Nurse","Colne, North West, GB, BB8 9PR","Care (Nursing Staff)","Sanctuary Care"
"Care Assistant","Selby, Yorkshire and Humberside, GB, YO19 6RE","Care (Qualified and Non-Qualified Care Staff)","Sanctuary Care"
"Registered Nurse","Devizes, South West, GB, SN10 2DY","Care (Nursing Staff)","Sanctuary Care"
"Registered Nurse","Exmouth, South West, GB, EX8 2HA","Care (Nursing Staff)","Sanctuary Care"
"Registered Nurse","Exeter, South West, GB, EX2 8BE","Care (Nursing Staff)","Sanctuary Care"
title,location,department,operation
"Night Care and Support Assistant - Part Time","Cheltenham, South West, GB, GL51 0JA","Care (Qualified and Non-Qualified Care Staff)","Sanctuary Supported Living"
"Bank Care and Support Assistant","Cheltenham, South West, GB, GL51 0JA","Care (Qualified and Non-Qualified Care Staff)","Sanctuary Supported Living"
Receptionist,"Maida Hill, Greater London, GB, W9 2BA","Care (Administrative Staff)","Sanctuary Care"
"Registered Retirement Living Manager","Pitsea, South East, GB, SS13 1FG","Care (Management)","Sanctuary Retirement Living"
"Registered Nurse","Dornoch, Scotland, GB, IV25 3SF","Care (Nursing Staff)","Sanctuary Care"
"General Assistant","Cambridge, East Anglia, GB, CB2 0SQ","Student Services","Sanctuary Students"
"Bank Mental Health Support Worker","Liverpool, North West, GB, L22 7RA","Supported Living Services","Sanctuary Supported Living"
"Reward Specialist","Worcester, West Midlands, GB, WR1 3ZQ","Human Resources","Sanctuary Group"
"Project Worker - Part Time","Burton-on-Trent, West Midlands, GB, DE15 0DG","Supported Living Services","Sanctuary Supported Living"
"Registered Nurse","Prestwick, Scotland, GB, KA9 1QL","Care (Nursing Staff)","Sanctuary Care"
"Bank Care and Support Assistant","Winslow, South East, GB, MK18","Supported Living Services","Sanctuary Supported Living"
"Project Worker - Part Time","Middlesbrough, North East, GB, TS3 7QG","Supported Living Services","Sanctuary Supported Living"
"Night Care Assistant","Pershore, West Midlands, GB, WR10 1NG","Care (Qualified and Non-Qualified Care Staff)","Sanctuary Care"
"Night Bank Registered Nurse","Colne, North West, GB, BB8 9PR","Care (Nursing Staff)","Sanctuary Care"
"Registered Nurse","Westhill, Scotland, GB, AB32 6XT","Care (Nursing Staff)","Sanctuary Care"
"Care Assistant","Westhill, Scotland, GB, AB32 6XT","Care (Qualified and Non-Qualified Care Staff)","Sanctuary Care"
"Senior Nurse","Hatfield, South East, GB, AL10 9AX","Care (Nursing Staff)","Sanctuary Care"
"Bank Assistant Chef","Paignton, South West, GB, TQ4 5XW","Supported Living Services","Sanctuary Retirement Living"
"Care Assistant","Dundee, Scotland, GB, DD1 4LQ","Care (Qualified and Non-Qualified Care Staff)","Sanctuary Care"
"Care and Support Assistant","Canterbury, South East, GB, CT1 1RT","Care (Qualified and Non-Qualified Care Staff)","Sanctuary Supported Living"
"Housekeeping Assistant","Devizes, South West, GB, SN10 2DY","Care (Domestic and Housekeeping Staff)","Sanctuary Care"
"Care Assistant","Devizes, South West, GB, SN10 2DY","Care (Qualified and Non-Qualified Care Staff)","Sanctuary Care"
"Care Team Leader Nights","Devizes, South West, GB, SN10 2DY","Care (Qualified and Non-Qualified Care Staff)","Sanctuary Care"
"Bank Care Team Leader","Middlesbrough, North East, GB, TS7 0JA","Care (Qualified and Non-Qualified Care Staff)","Sanctuary Care"
"Bank Care and Support Assistant","March, East Anglia, GB, PE15 9BH","Care (Qualified and Non-Qualified Care Staff)","Sanctuary Supported Living"
title,location,department,operation
"Domestic Assistant - Part Time","Ipswich, East Anglia, GB, IP4 3DH","Care (Qualified and Non-Qualified Care Staff)","Sanctuary Supported Living"
"Bank Chef Manager","Chelmsford, East Anglia, GB, CM1 6LB","Care (Catering and Hospitality Staff)","Sanctuary Care"
"Project Worker","Manchester, North West, GB, M11 2LY","Supported Living Services","Sanctuary Supported Living"
"Bank Registered Nurse","Dundee, Scotland, GB, DD1 4LQ","Care (Nursing Staff)","Sanctuary Care"
"Bank Night Care Team Leader","Houghton Le Spring, North East, GB, DH4 5NW","Care (Qualified and Non-Qualified Care Staff)","Sanctuary Care"
"Bank Project Worker","Plymouth, South West, GB, PL1 2AY","Supported Living Services","Sanctuary Supported Living"
"Maintenance Operative","Yarnton, South East, GB, OX5 1LW","Care (Maintenance, Driving and Site Service Staff)","Sanctuary Care"
"Registered Nurse","Ayr, Scotland, GB, KA7 2UX","Care (Nursing Staff)","Sanctuary Care"
"Bank Activities Coordinator","Middlesbrough, North East, GB, TS7 0JA","Care (Qualified and Non-Qualified Care Staff)","Sanctuary Care"
"Registered Nurse Nights","Peterlee, North East, GB, SR8 3XZ","Care (Nursing Staff)","Sanctuary Care"
"Care Team Leader Nights","Peterlee, North East, GB, SR8 3XZ","Care (Qualified and Non-Qualified Care Staff)","Sanctuary Care"
"Bank Night Care Assistant","Houghton Le Spring, North East, GB, DH4 5NW","Care (Qualified and Non-Qualified Care Staff)","Sanctuary Care"
"Registered Nurse","Selby, Yorkshire and Humberside, GB, YO19 6RE","Care (Nursing Staff)","Sanctuary Care"
"Maintenance Assistant - Part Time","Cambridge, East Anglia, GB, CB22 3HE","Care (Maintenance, Driving and Site Service Staff)","Sanctuary Retirement Living"
"Domestic Assistant - Part Time","Colchester, South East, GB, CO2 8PE","Care (Domestic and Housekeeping Staff)","Sanctuary Supported Living"
"Bank Maintenance Operative","Warrington, North West, GB, WA3 4AZ","Care (Maintenance, Driving and Site Service Staff)","Sanctuary Care"
"Bank Assistant Chef","London, Greater London, GB, HA3 5EG","Care (Catering and Hospitality Staff)","Sanctuary Care"
"Night Care Assistant","Leicester, East Midlands, GB, LE4 5LE","Care (Qualified and Non-Qualified Care Staff)","Sanctuary Care"
"Housekeeping Assistant 1","Leicester, East Midlands, GB, LE4 5LE","Care (Domestic and Housekeeping Staff)","Sanctuary Care"
"Senior Care and Support Assistant","Bury St Edmunds, East Anglia, GB, IP32 7ER","Care (Qualified and Non-Qualified Care Staff)","Sanctuary Supported Living"
"Catering Assistant","Chigwell, East Anglia, GB, IG7 4DA","Care (Catering and Hospitality Staff)","Sanctuary Care"
"Project Worker","London, Greater London, GB, N4 3SL","Supported Living Services","Sanctuary Supported Living"
"Day Care Assistant","Chigwell, East Anglia, GB, IG7 4DA","Care (Qualified and Non-Qualified Care Staff)","Sanctuary Care"
"Care Team Leader Days","Ipswich, East Anglia, GB, IP4 5JD","Care (Qualified and Non-Qualified Care Staff)","Sanctuary Care"
"Waking Night Care and Support Assistant - Part Time","Shrewsbury, West Midlands, GB, SY3 7TP","Care (Qualified and Non-Qualified Care Staff)","Sanctuary Supported Living"
title,location,department,operation
"Night Care Assistant","Wantage, South East, GB, OX12 7AR","Care (Qualified and Non-Qualified Care Staff)","Sanctuary Care"
"Care Team Leader","Wantage, South East, GB, OX12 7AR","Care (Qualified and Non-Qualified Care Staff)","Sanctuary Care"
"Registered Nurse Nights","Wantage, South East, GB, OX12 7AR","Care (Nursing Staff)","Sanctuary Care"
"Registered Nurse","Ayr, Scotland, GB, KA7 2UX","Care (Nursing Staff)","Sanctuary Care"
"Care Assistant","Tewkesbury, West Midlands, GB, WR8 0RR","Care (Qualified and Non-Qualified Care Staff)","Sanctuary Care"
"Registered Nurse Nights","Tranent, Scotland, GB, EH34 5DJ","Care (Nursing Staff)","Sanctuary Care"
"Day Care Team Leader","Canterbury, South East, GB, CT3 4GB","Care (Qualified and Non-Qualified Care Staff)","Sanctuary Care"
"Night Care Team Leader","Canterbury, South East, GB, CT3 4GB","Care (Qualified and Non-Qualified Care Staff)","Sanctuary Care"
"Care Assistant","Millport, Scotland, GB, KA28 0BQ","Care (Qualified and Non-Qualified Care Staff)","Sanctuary Care"
"Care Team Leader","Millport, Scotland, GB, KA28 0BQ","Care (Qualified and Non-Qualified Care Staff)","Sanctuary Care"
"Project Worker - Part Time","Epsom, South East, GB, KT17 1DT","Supported Living Services","Sanctuary Supported Living"
"Registered Nurse","Kilmarnock, Scotland, GB, KA1 2BP","Care (Nursing Staff)","Sanctuary Care"
"Bank Catering Assistant","Wolverhampton, West Midlands, GB, WV10 8BU","Care (Catering and Hospitality Staff)","Sanctuary Care"
"Project Worker - Children + Young People - Part Time","Paignton, South West, GB, TQ4 7HP","Supported Living Services","Sanctuary Supported Living"
"Registered Nurse","Derby, East Midlands, GB, DE21 7NG","Care (Nursing Staff)","Sanctuary Care"
"Night Registered Nurse","Derby, East Midlands, GB, DE21 7NG","Care (Nursing Staff)","Sanctuary Care"
"Deputy Local Service Manager","Saltburn, North East, GB, TS12 1LT","Care (Management)","Sanctuary Supported Living"
"Night Care Assistant","Peterlee, North East, GB, SR8 3XZ","Care (Qualified and Non-Qualified Care Staff)","Sanctuary Care"
"Night Care Assistant","Ipswich, East Anglia, GB, IP4 5JD","Care (Qualified and Non-Qualified Care Staff)","Sanctuary Care"
"Support Worker - Part Time","Taunton, South West, GB, TA1 3SA","Care (Qualified and Non-Qualified Care Staff)","Sanctuary Retirement Living"
"Bank Registered Nurse","Dumfries, Scotland, GB, DG1 2LF","Care (Nursing Staff)","Sanctuary Care"
"Care Assistant","Dumfries, Scotland, GB, DG1 2LF","Care (Qualified and Non-Qualified Care Staff)","Sanctuary Care"
"Bank Assistant Chef","Wolverhampton, West Midlands, GB, WV10 8BU","Care (Catering and Hospitality Staff)","Sanctuary Care"
"Catering Assistant","Malvern, West Midlands, GB, WR14 3NA","Care (Qualified and Non-Qualified Care Staff)","Sanctuary Care"
"Bank Housekeeping Assistant","Derby, East Midlands, GB, DE21 6AH","Care (Domestic and Housekeeping Staff)","Sanctuary Care"
title,location,department,operation
"Care Team Leader","Hamilton, Scotland, GB, ML3 7QH","Care (Qualified and Non-Qualified Care Staff)","Sanctuary Care"
"Care Assistant","Derby, East Midlands, GB, DE21 7NG","Care (Qualified and Non-Qualified Care Staff)","Sanctuary Care"
Receptionist,"Watlington, South East, GB, OX49 5AE","Care (Administrative Staff)","Sanctuary Care"
"Window Cleaner","Liverpool, North West, GB, L33 7SL","Maintenance Services","Sanctuary Maintenance"
"Bank Care Assistant","Warrington, North West, GB, WA3 4AZ","Care (Qualified and Non-Qualified Care Staff)","Sanctuary Care"
"Bank Housekeeping Assistant","Warrington, North West, GB, WA3 4AZ","Care (Domestic and Housekeeping Staff)","Sanctuary Care"
"Bank Catering Assistant","Warrington, North West, GB, WA3 4AZ","Care (Catering and Hospitality Staff)","Sanctuary Care"
"Bank Registered Nurse","Warrington, North West, GB, WA3 4AZ","Care (Nursing Staff)","Sanctuary Care"
"Weekend Receptionist","Watlington, South East, GB, OX49 5AE","Care (Administrative Staff)","Sanctuary Care"
"Registered Nurse","Hamilton, Scotland, GB, ML3 7QH","Care (Nursing Staff)","Sanctuary Care"
"Care and Support Assistant - Part Time","Leicester, East Midlands, GB, LE3 6UJ","Care (Qualified and Non-Qualified Care Staff)","Sanctuary Supported Living"
"Local Service Manager - Tier 2","Guisborough, North East, GB, TS14 6AQ","Care (Management)","Sanctuary Supported Living"
"Care Assistant","Pershore, West Midlands, GB, WR10 1NG","Care (Qualified and Non-Qualified Care Staff)","Sanctuary Care"
"Housekeeping Assistant","Colne, North West, GB, BB8 9PR","Care (Domestic and Housekeeping Staff)","Sanctuary Care"
"Night Care Assistant","Colne, North West, GB, BB8 9PR","Care (Qualified and Non-Qualified Care Staff)","Sanctuary Care"
"Activities Coordinator","Wolverhampton, West Midlands, GB, WV1 2SY","Care (Qualified and Non-Qualified Care Staff)","Sanctuary Care"
"Housekeeping Supervisor","Kensington, Greater London, GB, W10 6DH","Care (Domestic and Housekeeping Staff)","Sanctuary Care"
"Bank Night Concierge","Diss, East Anglia, GB, IP22 4LF","Administrative Services","Sanctuary Supported Living"
"Housekeeping Assistant","Prestwick, Scotland, GB, KA9 1QL","Care (Domestic and Housekeeping Staff)","Sanctuary Care"
"Day Care Assistant","Sawston, East Anglia, GB, CB22 3HJ","Care (Qualified and Non-Qualified Care Staff)","Sanctuary Care"
"Care Assistant","Prestwick, Scotland, GB, KA9 1QL","Care (Qualified and Non-Qualified Care Staff)","Sanctuary Care"
"Night Care Assistant","Stoke-on-Trent, West Midlands, GB, ST5 7JG","Care (Qualified and Non-Qualified Care Staff)","Sanctuary Care"
"Care Team Leader","London, Greater London, GB, N9 7RQ","Care (Qualified and Non-Qualified Care Staff)","Sanctuary Care"
"Bank Registered Nurse","Exeter, South West, GB, EX2 8BE","Care (Nursing Staff)","Sanctuary Care"
"Assistant Accommodation Manager","Cambridge, East Anglia, GB, CB2 0SQ","Student Services","Sanctuary Students"
title,location,department,operation
"Bank Care and Support Team Leader","March, East Anglia, GB, PE15 0WD","Care (Qualified and Non-Qualified Care Staff)","Sanctuary Retirement Living"
"Care Assistant","London, Greater London, GB, N9 7RQ","Care (Qualified and Non-Qualified Care Staff)","Sanctuary Care"
"Care Assistant","London, Greater London, GB, SE3 9YG","Care (Qualified and Non-Qualified Care Staff)","Sanctuary Care"
"Care Assistant","Maida Hill, Greater London, GB, W9 2BA","Care (Qualified and Non-Qualified Care Staff)","Sanctuary Care"
"Care Assistant","Tranent, Scotland, GB, EH34 5DJ","Care (Qualified and Non-Qualified Care Staff)","Sanctuary Care"
"Night Care Assistant","Basingstoke, South East, GB, RG24 7BN","Care (Qualified and Non-Qualified Care Staff)","Sanctuary Care"
"Housekeeping Supervisor","Basingstoke, South East, GB, RG24 7BN","Care (Domestic and Housekeeping Staff)","Sanctuary Care"
"Area Manager - Housing","Rochford, South East, GB, SS4 1BB","Housing Services","Sanctuary Housing"
"Bank General Assistant","March, East Anglia, GB, PE15 0WD","Care (Domestic and Housekeeping Staff)","Sanctuary Retirement Living"
"Bank Housekeeping Assistant","Wolverhampton, West Midlands, GB, WV10 8BU","Care (Domestic and Housekeeping Staff)","Sanctuary Care"
"Catering Assistant","Chelmsford, East Anglia, GB, CM1 6LB","Care (Catering and Hospitality Staff)","Sanctuary Care"
"Care Team Leader","London, Greater London, GB, SW16 5BP","Care (Qualified and Non-Qualified Care Staff)","Sanctuary Care"
"Care Assistant","London, Greater London, GB, SE25 6AA","Care (Qualified and Non-Qualified Care Staff)","Sanctuary Care"
"Care Assistant - Nights","Birmingham, West Midlands, GB, B29 5HF","Care (Qualified and Non-Qualified Care Staff)","Sanctuary Care"
"Project Worker","Basingstoke, South East, GB, RG21 3EY","Care (Qualified and Non-Qualified Care Staff)","Sanctuary Supported Living"
"Care Assistant","London, Greater London, GB, HA3 5EG","Care (Qualified and Non-Qualified Care Staff)","Sanctuary Care"
"Hospital Ward Manager","St Johns wood, Greater London, GB, NW8 9SE","Care (Management)","Sanctuary Care"
"Registered Nurse","St Johns Wood, Greater London, GB, NW8 9SE","Care (Nursing Staff)","Sanctuary Care"
"Care and Support Team Leader - Part Time","Gravesend, South East, GB, DA12 5FG","Care (Qualified and Non-Qualified Care Staff)","Sanctuary Retirement Living"
"Care Assistant","Birmingham, West Midlands, GB, B29 5HF","Care (Qualified and Non-Qualified Care Staff)","Sanctuary Care"
"Bank Care Assistant","Harwich, East Anglia, GB, CO12 3TS","Care (Qualified and Non-Qualified Care Staff)","Sanctuary Care"
"Bank Housekeeping Assistant","Harwich, East Anglia, GB, CO12 3TS","Care (Domestic and Housekeeping Staff)","Sanctuary Care"
"Care Team Leader","Tewkesbury, West Midlands, GB, GL20 6EB","Care (Qualified and Non-Qualified Care Staff)","Sanctuary Care"
"Bank Night Concierge","Saffron Walden, South East, GB, CB11 3EE","Administrative Services","Sanctuary Supported Living"
"Bank Project Worker","Thetford, East Anglia, GB, IP24 1DS","Supported Living Services","Sanctuary Supported Living"
title,location,department,operation
"Night Care Assistant","Sawston, East Anglia, GB, CB22 3HJ","Care (Qualified and Non-Qualified Care Staff)","Sanctuary Care"
"Nurse Deputy Manager","Liverpool, North West, GB, L20 7AJ","Care (Management)","Sanctuary Care"
"Bank Night Concierge","Thetford, East Anglia, GB, IP24 1DS","Supported Living Services","Sanctuary Supported Living"
"Senior Care Officer","Invergorden, Scotland, GB, VV18 0ND","Care (Qualified and Non-Qualified Care Staff)","Sanctuary Care"
"Registered Nurse","Edinburgh, Scotland, GB, EH9 2LF","Care (Nursing Staff)","Sanctuary Care"
"Housekeeping Assistant","Liverpool, North West, GB, L15 8HH","Care (Domestic and Housekeeping Staff)","Sanctuary Care"
"Night Care Assistant","Nantwich, North West, GB, CW5 5QS","Care (Qualified and Non-Qualified Care Staff)","Sanctuary Care"
"Housekeeping Assistant","Yarnton, South East, GB, OX5 1LW","Care (Domestic and Housekeeping Staff)","Sanctuary Care"
"Catering Assistant","Wantage, South East, GB, OX12 7AR","Care (Catering and Hospitality Staff)","Sanctuary Care"
"Night Care Assistant","Derby, East Midlands, GB, DE23 8TA","Care (Qualified and Non-Qualified Care Staff)","Sanctuary Care"
"Night Care Assistant","Wirral, North West, GB, CH61 8RA","Care (Qualified and Non-Qualified Care Staff)","Sanctuary Care"
"Registered Nurse","Yarnton, South East, GB, OX5 1LW","Care (Nursing Staff)","Sanctuary Care"
"Bank Care Assistant Nights","Wolverhampton, West Midlands, GB, WV14 9UG","Care (Qualified and Non-Qualified Care Staff)","Sanctuary Care"
"Night Care Team Leader","Tewkesbury, West Midlands, GB, GL20 6EB","Care (Qualified and Non-Qualified Care Staff)","Sanctuary Care"
"Activities Coordinator","London, Greater London, GB, HA3 5EG","Care (Qualified and Non-Qualified Care Staff)","Sanctuary Care"
"Housekeeping Assistant","Sawston, East Anglia, GB, CB22 3HJ","Care (Domestic and Housekeeping Staff)","Sanctuary Care"
"Bank Project Worker","Bury St Edmunds, East Anglia, GB, IP33 3BQ","Supported Living Services","Sanctuary Supported Living"
"Housekeeping Assistant","Birmingham, West Midlands, GB, B29 5HF","Care (Domestic and Housekeeping Staff)","Sanctuary Care"
"Bank Kitchen Assistant","Invergordon, Scotland, GB, IV18 0JX","Care (Catering and Hospitality Staff)","Sanctuary Care"
"Bank Night Concierge","Ipswich, East Anglia, GB, IP4 1DL","Supported Living Services","Sanctuary Supported Living"
"Bank Project Worker","Ipswich, East Anglia, GB, IP4 1DL","Supported Living Services","Sanctuary Supported Living"
"Bank Project Worker","Felixstowe, East Anglia, GB, IP11 2DZ","Supported Living Services","Sanctuary Supported Living"
"Bank Project Worker","Haverhill, East Anglia, GB, CB9 8HB","Supported Living Services","Sanctuary Supported Living"
"Activities Coordinator","Wirral, North West, GB, CH61 8RA","Care (Qualified and Non-Qualified Care Staff)","Sanctuary Care"
"Bank Waking Night Concierge","Haverhill, East Anglia, GB, CB9 8HB","Care (Administrative Staff)","Sanctuary Supported Living"
title,location,department,operation
"Registered Nurse","Seaham, North East, GB, SR7 8BT","Care (Nursing Staff)","Sanctuary Care"
"Bank Care and Support Assistant","Cheltenham, South West, GB, GL53 9GA","Care (Qualified and Non-Qualified Care Staff)","Sanctuary Retirement Living"
"Night Care Assistant","Liverpool, North West, GB, L20 7AJ","Care (Qualified and Non-Qualified Care Staff)","Sanctuary Care"
"Nurse Deputy Manager","Ayr, Scotland, GB, KA7 2UX","Care (Management)","Sanctuary Care"
"Care and Support Assistant - Part Time","Basildon, South East, GB, SS13 1FG","Care (Qualified and Non-Qualified Care Staff)","Sanctuary Retirement Living"
"Home Manager","Seaham, North East, GB, SR7 8BT","Care (Management)","Sanctuary Care"
"Nights Care Team Leader","London, Greater London, GB, SE3 9YG","Care (Qualified and Non-Qualified Care Staff)","Sanctuary Care"
"Care Assistant","Liverpool, North West, GB, L8 0WN","Care (Qualified and Non-Qualified Care Staff)","Sanctuary Care"
"Bank Care and Support Assistant","Basildon, South East, GB, SS13 1FG","Care (Qualified and Non-Qualified Care Staff)","Sanctuary Supported Living"
"Night Care Team Leader","Houghton Le Spring, North East, GB, DH4 5NW","Care (Qualified and Non-Qualified Care Staff)","Sanctuary Care"
"Senior Care and Support Assistant","Cheltenham, South West, GB, GL51 0JA","Care (Qualified and Non-Qualified Care Staff)","Sanctuary Supported Living"
"Nurse Deputy Manager","Dumfries, Scotland, GB, DG1 2LF","Care (Management)","Sanctuary Care"
"Activities Coordinator","Basingstoke, South East, GB, RG24 7BN","Care (Qualified and Non-Qualified Care Staff)","Sanctuary Care"
"Bank General Assistant","Gravesend, South East, GB, DA12 5FG","Care (Domestic and Housekeeping Staff)","Sanctuary Retirement Living"
"Registered Nurse Nights","Oxford, South East, GB, OX4 4DN","Care (Nursing Staff)","Sanctuary Care"
"Care Team Leader Nights","Birmingham, West Midlands, GB, B34 7PB","Care (Qualified and Non-Qualified Care Staff)","Sanctuary Care"
"Night Care and Support Assistant","Bury St Edmunds, East Anglia, GB, IP32 7ER","Care (Qualified and Non-Qualified Care Staff)","Sanctuary Supported Living"
"Night Care Assistant","Tewkesbury, West Midlands, GB, WR8 0RR","Care (Qualified and Non-Qualified Care Staff)","Sanctuary Care"
"Care Assistant","Plymouth, South West, GB, PL21 0UJ","Care (Qualified and Non-Qualified Care Staff)","Sanctuary Care"
"Bank Care Assistant","Plymouth, South West, GB, PL21 0UJ","Care (Qualified and Non-Qualified Care Staff)","Sanctuary Care"
"Maintenance Operative","Birmingham, West Midlands, GB, B31 5NJ","Care (Maintenance, Driving and Site Service Staff)","Sanctuary Care"
"Bank Support Assistant","Chester, North West, GB, CH2 1NE","Care (Qualified and Non-Qualified Care Staff)","Sanctuary Supported Living"
"Registered Nurse","Peterlee, North East, GB, SR8 3XZ","Care (Nursing Staff)","Sanctuary Care"
